0.11135124415159225,-0.13618768751621246,0.08057031780481339,0.4566957354545593,-0.26019108295440674,0.3339044153690338,0.5972882509231567,-0.23695909976959229,-0.046213068068027496,-0.19622255861759186,0.1708507537841797,-0.19523023068904877,0.12033022195100784,0.3111684024333954,-0.3135146200656891,-0.08244138956069946,1.0
0.12066943198442459,-0.1951657384634018,0.06903042644262314,0.5487156510353088,-0.2851995527744293,0.47540977597236633,0.7208424806594849,-0.33098453283309937,-0.07167531549930573,-0.3086681663990021,0.299339234828949,-0.2701699137687683,0.21024122834205627,0.40932902693748474,-0.39227303862571716,-0.10750003159046173,1.0
0.11714626103639603,-0.09384414553642273,0.08831185102462769,0.35774198174476624,-0.2301328182220459,0.23057770729064941,0.4788900315761566,-0.15909594297409058,-0.028599530458450317,-0.12734949588775635,0.07937639951705933,-0.13698774576187134,0.049631960690021515,0.23747104406356812,-0.24412602186203003,-0.008779510855674744,0.0
0.23123610019683838,-0.24831770360469818,0.18063800036907196,0.7667525410652161,-0.4119577705860138,0.5593709349632263,1.1905848979949951,-0.34901881217956543,0.18641363084316254,-0.268608033657074,0.2238847315311432,-0.40257519483566284,0.18536633253097534,0.494331032037735,-0.41412994265556335,-0.2682687044143677,1.0
0.11537984758615494,-0.10930311679840088,0.09078866243362427,0.389560341835022,-0.23202624917030334,0.27060288190841675,0.5279054641723633,-0.17031848430633545,-0.03323847055435181,-0.1545598804950714,0.1058322936296463,-0.17015112936496735,0.0738677904009819,0.26351723074913025,-0.2680727541446686,-0.0314079225063324,1.0
0.11424476653337479,-0.08678681403398514,0.10068350285291672,0.34056052565574646,-0.20794203877449036,0.20829372107982635,0.4598962366580963,-0.14874230325222015,-0.04322374612092972,-0.12774820625782013,0.06691440939903259,-0.1412191092967987,0.04633542150259018,0.22205418348312378,-0.2340972125530243,-0.011754110455513,1.0
0.08270318806171417,0.000677015632390976,0.0826757475733757,0.21866101026535034,-0.16187016665935516,0.09833455830812454,0.26303809881210327,-0.10735727846622467,-0.08599017560482025,-0.0974922701716423,-0.012385603040456772,-0.024700410664081573,-0.031332679092884064,0.1263955533504486,-0.18477275967597961,0.074687659740448,1.0
0.10750535875558853,-0.12110548466444016,0.06500112265348434,0.40458181500434875,-0.24190622568130493,0.30555716156959534,0.5448185801506042,-0.20935851335525513,-0.03952866792678833,-0.18232519924640656,0.14461517333984375,-0.1813904196023941,0.09109235554933548,0.2957748472690582,-0.29629218578338623,-0.027596667408943176,1.0
0.10804464668035507,-0.08436314016580582,0.08301052451133728,0.3123285472393036,-0.21264159679412842,0.19969601929187775,0.42894384264945984,-0.1236637532711029,-0.025208614766597748,-0.10520419478416443,0.05073196813464165,-0.12771573662757874,0.019044779241085052,0.21606570482254028,-0.22241687774658203,0.012060225009918213,1.0
0.1046728566288948,-0.09613281488418579,0.07943122088909149,0.3559889793395996,-0.21794414520263672,0.240510493516922,0.48818638920783997,-0.17122194170951843,-0.033226847648620605,-0.13084723055362701,0.0911625474691391,-0.14378686249256134,0.05572914332151413,0.2517780065536499,-0.26454514265060425,-0.009259551763534546,1.0
0.12471339851617813,-0.1775863766670227,0.06459758430719376,0.5202796459197998,-0.29325348138809204,0.4053747057914734,0.6847465634346008,-0.28587839007377625,-0.0628030076622963,-0.24178273975849152,0.23506924510002136,-0.2435438185930252,0.15425357222557068,0.3660733997821808,-0.3516867756843567,-0.10060738027095795,1.0
0.11805614084005356,-0.09719692170619965,0.10486970841884613,0.3581320643424988,-0.22175273299217224,0.23021702468395233,0.47891291975975037,-0.1634809374809265,-0.045463383197784424,-0.14108985662460327,0.08485038578510284,-0.14606334269046783,0.05248007923364639,0.23758822679519653,-0.24349278211593628,-0.024420171976089478,1.0
0.11526685208082199,-0.14700950682163239,0.06441286206245422,0.48598092794418335,-0.27484259009361267,0.3827851712703705,0.63004070520401,-0.2656010389328003,-0.06421994417905807,-0.2509174346923828,0.22828102111816406,-0.20746098458766937,0.14917579293251038,0.33586856722831726,-0.3417115807533264,-0.07858408987522125,1.0
0.12438938766717911,-0.13659515976905823,0.09133420139551163,0.4422590732574463,-0.29800650477409363,0.3282761871814728,0.629980742931366,-0.22063803672790527,-0.005098521709442139,-0.17951183021068573,0.14271453022956848,-0.19304849207401276,0.0636599138379097,0.32717180252075195,-0.3057556748390198,-0.06632722914218903,0.0
0.11486519128084183,-0.10863019526004791,0.09186489880084991,0.41106894612312317,-0.23865488171577454,0.2910654544830322,0.5593035221099854,-0.21398857235908508,-0.036592595279216766,-0.1734173446893692,0.12479817867279053,-0.15809465944766998,0.08699356764554977,0.27165937423706055,-0.29257017374038696,-0.048158109188079834,1.0
0.2677134573459625,-0.3523405194282532,0.22036373615264893,0.9618397355079651,-0.4914451837539673,0.7584686875343323,1.532865285873413,-0.4504871070384979,0.2694630026817322,-0.3739716410636902,0.32280272245407104,-0.5388780236244202,0.29958611726760864,0.6214625239372253,-0.5124797224998474,-0.39978843927383423,1.0
0.12613055109977722,-0.08499135076999664,0.10689603537321091,0.3610571622848511,-0.21630781888961792,0.22233611345291138,0.4844760596752167,-0.14265069365501404,-0.026187226176261902,-0.13632254302501678,0.0610986053943634,-0.13278687000274658,0.04459371417760849,0.2266664206981659,-0.24215802550315857,-0.008762523531913757,0.0
0.1101464256644249,-0.09156584739685059,0.09740681946277618,0.3551672399044037,-0.2215825915336609,0.2186809480190277,0.48071762919425964,-0.15064111351966858,-0.03800781071186066,-0.13169878721237183,0.07792512327432632,-0.14005105197429657,0.05074522644281387,0.2267581820487976,-0.24753499031066895,-0.011020466685295105,1.0
0.11424476653337479,-0.08678681403398514,0.10068350285291672,0.34056052565574646,-0.20794203877449036,0.20829372107982635,0.4598962366580963,-0.14874230325222015,-0.04322374612092972,-0.12774820625782013,0.06691440939903259,-0.1412191092967987,0.04633542150259018,0.22205418348312378,-0.2340972125530243,-0.011754110455513,1.0
0.10804464668035507,-0.08436314016580582,0.08301052451133728,0.3123285472393036,-0.21264159679412842,0.19969601929187775,0.42894384264945984,-0.1236637532711029,-0.025208614766597748,-0.10520419478416443,0.05073196813464165,-0.12771573662757874,0.019044779241085052,0.21606570482254028,-0.22241687774658203,0.012060225009918213,1.0
0.20945894718170166,-0.2171734720468521,0.14053599536418915,0.743165135383606,-0.3980283737182617,0.546346127986908,1.132314920425415,-0.38423657417297363,0.14813221991062164,-0.2501843273639679,0.2330450415611267,-0.3949601650238037,0.17107951641082764,0.511635959148407,-0.4310285151004791,-0.2354065328836441,1.0
0.10604662448167801,-0.10497109591960907,0.08833428472280502,0.3657477796077728,-0.2273423671722412,0.2613992393016815,0.49635186791419983,-0.17368099093437195,-0.030995666980743408,-0.14775657653808594,0.09673875570297241,-0.15583761036396027,0.071723572909832,0.25782904028892517,-0.26160478591918945,-0.021007701754570007,1.0
0.1128617450594902,-0.11555424332618713,0.09051897376775742,0.38268429040908813,-0.23502403497695923,0.27171948552131653,0.5170021653175354,-0.18221351504325867,-0.04464641958475113,-0.16523127257823944,0.12855282425880432,-0.17886094748973846,0.08416008204221725,0.27401497960090637,-0.26674091815948486,-0.031939759850502014,0.0
0.24808216094970703,-0.2487427294254303,0.17767927050590515,0.788462221622467,-0.4133082926273346,0.5679947137832642,1.211613416671753,-0.3569793105125427,0.1970384567975998,-0.269832044839859,0.19899144768714905,-0.3954111337661743,0.1717909276485443,0.49633312225341797,-0.42384329438209534,-0.2583523392677307,0.0
0.11599061638116837,-0.07727102190256119,0.10179633647203445,0.33790066838264465,-0.21020472049713135,0.19751323759555817,0.4558718502521515,-0.14698092639446259,-0.03105766326189041,-0.12303387373685837,0.05088219791650772,-0.13746377825737,0.04331759363412857,0.208560973405838,-0.22282031178474426,-0.0021562576293945312,0.0
0.11083858460187912,-0.1258479505777359,0.07243863493204117,0.4203965365886688,-0.24892693758010864,0.32828232645988464,0.5582097768783569,-0.2135411500930786,-0.046585261821746826,-0.1958807110786438,0.16720342636108398,-0.2049454301595688,0.1048310324549675,0.30172258615493774,-0.2936202883720398,-0.06049889326095581,1.0
0.1136757954955101,-0.09557068347930908,0.09608278423547745,0.3805469572544098,-0.22681429982185364,0.2543531358242035,0.5190804600715637,-0.17556828260421753,-0.03594738990068436,-0.14765486121177673,0.0947972983121872,-0.16949309408664703,0.07248612493276596,0.2573503851890564,-0.26126688718795776,-0.031198173761367798,0.0
0.10930497199296951,-0.10827209800481796,0.10615768283605576,0.3831821084022522,-0.22666043043136597,0.2566254138946533,0.5228338837623596,-0.17280268669128418,-0.03849708288908005,-0.1601441353559494,0.09201864898204803,-0.1699192374944687,0.09097161144018173,0.24710655212402344,-0.25946325063705444,-0.029653072357177734,0.0
0.12219741195440292,-0.1175784319639206,0.07153531908988953,0.41980940103530884,-0.24430423974990845,0.289750337600708,0.5491878390312195,-0.2149941325187683,-0.03747104853391647,-0.1566803902387619,0.1398899257183075,-0.1795736700296402,0.09466386586427689,0.2927122712135315,-0.2814895510673523,-0.04804447293281555,1.0
0.11425157636404037,-0.14251838624477386,0.08876597881317139,0.43181321024894714,-0.24661627411842346,0.32202085852622986,0.5743715763092041,-0.21728891134262085,-0.05588319152593613,-0.20337943732738495,0.16581672430038452,-0.207580104470253,0.12653246521949768,0.3027074933052063,-0.29300445318222046,-0.061086952686309814,0.0
0.1268654763698578,-0.08794401586055756,0.10378047078847885,0.36875709891319275,-0.21835237741470337,0.22780072689056396,0.48976096510887146,-0.1580415964126587,-0.0249277725815773,-0.12968672811985016,0.06373728811740875,-0.133458212018013,0.056223444640636444,0.22677743434906006,-0.24075520038604736,-0.019545137882232666,0.0
0.8072225451469421,-1.3175498247146606,0.5499051213264465,2.9433956146240234,-1.375757098197937,2.410789966583252,4.9222636222839355,-1.3292094469070435,1.2810804843902588,-0.9148131012916565,1.1676390171051025,-1.9344428777694702,1.1310487985610962,1.9652820825576782,-1.3090368509292603,-1.6922980546951294,0.0
0.2944739758968353,-0.35713014006614685,0.23882457613945007,0.9963757395744324,-0.5186759829521179,0.7622685432434082,1.6154369115829468,-0.4691028296947479,0.33658403158187866,-0.3633838891983032,0.2941148579120636,-0.542048454284668,0.28238776326179504,0.6263033151626587,-0.5112738609313965,-0.40539371967315674,1.0
0.11881128698587418,-0.12382099777460098,0.08245080709457397,0.40924975275993347,-0.24497181177139282,0.3111306130886078,0.544905424118042,-0.20875945687294006,-0.03703659772872925,-0.18133753538131714,0.14743053913116455,-0.18187184631824493,0.1047024056315422,0.2966577708721161,-0.28672873973846436,-0.026212111115455627,1.0
0.12258908897638321,-0.12059412896633148,0.09183435887098312,0.4047119915485382,-0.24207013845443726,0.28484317660331726,0.5232532620429993,-0.19484305381774902,-0.044021397829055786,-0.17277278006076813,0.12927955389022827,-0.16768427193164825,0.09912893921136856,0.26330941915512085,-0.2626033425331116,-0.037341877818107605,1.0
0.10585740953683853,-0.0931028425693512,0.08423350751399994,0.3476611077785492,-0.230320006608963,0.2385960817337036,0.4706416428089142,-0.16381938755512238,-0.03429165482521057,-0.13886655867099762,0.09612715244293213,-0.14332199096679688,0.04869232326745987,0.2404092252254486,-0.24719619750976562,-0.02065633237361908,0.0
0.11235245317220688,-0.09601470828056335,0.09114302694797516,0.3712760806083679,-0.2269359529018402,0.24118568003177643,0.5008010864257812,-0.166957825422287,-0.03778757154941559,-0.13951359689235687,0.09334234893321991,-0.15519718825817108,0.06990959495306015,0.2376948595046997,-0.25115013122558594,-0.027278125286102295,0.0
0.1473977267742157,-0.1398787945508957,0.11577015370130539,0.5021695494651794,-0.3002264201641083,0.35274776816368103,0.7273743748664856,-0.2556309998035431,0.030944883823394775,-0.20047388970851898,0.14220327138900757,-0.22258488833904266,0.0901152566075325,0.33206045627593994,-0.3166821599006653,-0.09381552040576935,1.0
0.12902328372001648,-0.09502537548542023,0.10622478276491165,0.38325855135917664,-0.22148779034614563,0.2345007210969925,0.5142459869384766,-0.16379626095294952,-0.032092295587062836,-0.14194655418395996,0.0816524401307106,-0.15528394281864166,0.07221784442663193,0.24134960770606995,-0.24066942930221558,-0.025219827890396118,1.0
0.11198776215314865,-0.11159299314022064,0.08770874887704849,0.37296149134635925,-0.23499107360839844,0.25724372267723083,0.49811044335365295,-0.1675637811422348,-0.0396462082862854,-0.1562764197587967,0.11075392365455627,-0.16315452754497528,0.07220285385847092,0.25093504786491394,-0.2525825500488281,-0.017604246735572815,0.0
0.1142578050494194,-0.1073121577501297,0.08952479809522629,0.3844292163848877,-0.2436119019985199,0.260769248008728,0.5121091604232788,-0.18448838591575623,-0.04205593466758728,-0.15874990820884705,0.11656712740659714,-0.1541091501712799,0.07175935059785843,0.2584078907966614,-0.2688174247741699,-0.030331507325172424,0.0
0.10604662448167801,-0.10497109591960907,0.08833428472280502,0.3657477796077728,-0.2273423671722412,0.2613992393016815,0.49635186791419983,-0.17368099093437195,-0.030995666980743408,-0.14775657653808594,0.09673875570297241,-0.15583761036396027,0.071723572909832,0.25782904028892517,-0.26160478591918945,-0.021007701754570007,1.0
0.2502487301826477,-0.28864696621894836,0.19013690948486328,0.8167765736579895,-0.41459745168685913,0.5992764234542847,1.2670328617095947,-0.3643801510334015,0.20010541379451752,-0.2681869864463806,0.2344193458557129,-0.4344515800476074,0.235603928565979,0.5220085978507996,-0.4271479547023773,-0.29051923751831055,0.0
0.21220654249191284,-0.18830513954162598,0.17722539603710175,0.6470193266868591,-0.3668172359466553,0.4698820412158966,1.0150479078292847,-0.3071070611476898,0.14863376319408417,-0.25227051973342896,0.14596311748027802,-0.3180176019668579,0.12600040435791016,0.4070853590965271,-0.36155790090560913,-0.1901472955942154,0.0
0.27869513630867004,-0.3489387333393097,0.2384321689605713,0.9652780890464783,-0.5051130056381226,0.7180424332618713,1.589707612991333,-0.45274606347084045,0.34022730588912964,-0.3197973966598511,0.2671075463294983,-0.5359480977058411,0.25497400760650635,0.6118690967559814,-0.4916895031929016,-0.4146289825439453,1.0
0.20796388387680054,-0.2538316249847412,0.17224901914596558,0.7317771315574646,-0.38778260350227356,0.5517215728759766,1.1404527425765991,-0.3550097346305847,0.1606430560350418,-0.2703387439250946,0.22308209538459778,-0.3933680057525635,0.20868021249771118,0.47487080097198486,-0.4019801914691925,-0.25494104623794556,0.0
0.2127583920955658,-0.26708486676216125,0.16525109112262726,0.750762939453125,-0.40439218282699585,0.5644179582595825,1.1388071775436401,-0.34477394819259644,0.1453242152929306,-0.2787671387195587,0.2425256073474884,-0.393054723739624,0.22274181246757507,0.47917279601097107,-0.4103598892688751,-0.2536775469779968,1.0
0.1244124099612236,-0.11116977781057358,0.09117013216018677,0.4090695381164551,-0.24472478032112122,0.28639402985572815,0.5364500880241394,-0.19948574900627136,-0.05313045531511307,-0.18353477120399475,0.14158260822296143,-0.17454881966114044,0.10006079822778702,0.26842308044433594,-0.27057573199272156,-0.04131753742694855,1.0
0.12484539300203323,-0.06069390848278999,0.1119813621044159,0.31865206360816956,-0.19433265924453735,0.1671644002199173,0.4280906021595001,-0.11923004686832428,-0.024559497833251953,-0.09458480030298233,0.015921451151371002,-0.11085876822471619,0.02145686000585556,0.19281603395938873,-0.20831257104873657,0.013349965214729309,1.0
0.12173483520746231,-0.10456053912639618,0.09989149123430252,0.39979541301727295,-0.23295575380325317,0.25769519805908203,0.5316328406333923,-0.19734320044517517,-0.03649426996707916,-0.156951442360878,0.10353082418441772,-0.161027729511261,0.08270327001810074,0.2575485110282898,-0.25855541229248047,-0.054573267698287964,0.0
0.12147583812475204,-0.08414741605520248,0.10232174396514893,0.33912304043769836,-0.21660694479942322,0.20192444324493408,0.45612791180610657,-0.14510972797870636,-0.03159292787313461,-0.11976215243339539,0.059388019144535065,-0.1312246173620224,0.04170357435941696,0.2173464298248291,-0.22498372197151184,-0.0024362951517105103,0.0
0.10604662448167801,-0.10497109591960907,0.08833428472280502,0.3657477796077728,-0.2273423671722412,0.2613992393016815,0.49635186791419983,-0.17368099093437195,-0.030995666980743408,-0.14775657653808594,0.09673875570297241,-0.15583761036396027,0.071723572909832,0.25782904028892517,-0.26160478591918945,-0.021007701754570007,1.0
0.1128617450594902,-0.11555424332618713,0.09051897376775742,0.38268429040908813,-0.23502403497695923,0.27171948552131653,0.5170021653175354,-0.18221351504325867,-0.04464641958475113,-0.16523127257823944,0.12855282425880432,-0.17886094748973846,0.08416008204221725,0.27401497960090637,-0.26674091815948486,-0.031939759850502014,0.0
0.12435049563646317,-0.09900723397731781,0.10078490525484085,0.37154507637023926,-0.2263064980506897,0.24419885873794556,0.5011217594146729,-0.1680622100830078,-0.036622464656829834,-0.1454455703496933,0.09213273227214813,-0.15440219640731812,0.06344979256391525,0.2483384609222412,-0.25453394651412964,-0.015986233949661255,0.0
0.12071800976991653,-0.0810004323720932,0.10223314166069031,0.36173683404922485,-0.21948429942131042,0.22033242881298065,0.48102208971977234,-0.16026315093040466,-0.032533466815948486,-0.13855163753032684,0.07255084067583084,-0.14631859958171844,0.053655482828617096,0.2233588695526123,-0.2356710135936737,-0.01967531442642212,0.0
0.10930497199296951,-0.10827209800481796,0.10615768283605576,0.3831821084022522,-0.22666043043136597,0.2566254138946533,0.5228338837623596,-0.17280268669128418,-0.03849708288908005,-0.1601441353559494,0.09201864898204803,-0.1699192374944687,0.09097161144018173,0.24710655212402344,-0.25946325063705444,-0.029653072357177734,0.0
0.12010546773672104,-0.0716758742928505,0.10053104907274246,0.3268558382987976,-0.20802545547485352,0.19032345712184906,0.4428885877132416,-0.1372181475162506,-0.031159117817878723,-0.11020694673061371,0.04977186769247055,-0.12493054568767548,0.03253097087144852,0.20151299238204956,-0.21859462559223175,-0.0016391575336456299,0.0
0.1535431146621704,-0.11161071062088013,0.14254695177078247,0.45063522458076477,-0.28235921263694763,0.28842538595199585,0.66014564037323,-0.19246283173561096,0.02045455574989319,-0.17718428373336792,0.0899730771780014,-0.19234539568424225,0.05720152705907822,0.2878243029117584,-0.2794839143753052,-0.05346417427062988,1.0
0.11445476859807968,-0.08442571014165878,0.10098307579755783,0.35442057251930237,-0.21874725818634033,0.21590766310691833,0.47710660099983215,-0.16034823656082153,-0.02822832018136978,-0.12669020891189575,0.0645366832613945,-0.14094795286655426,0.05649394541978836,0.22019320726394653,-0.23827527463436127,-0.011343613266944885,0.0
0.36012646555900574,-0.5125473737716675,0.27907487750053406,1.2893425226211548,-0.6455714106559753,1.0256677865982056,2.149136543273926,-0.6194245219230652,0.49790483713150024,-0.4420061409473419,0.4269110858440399,-0.7610258460044861,0.41149064898490906,0.8436723947525024,-0.6487861275672913,-0.6155791878700256,1.0
0.11932075768709183,-0.14049728214740753,0.09205630421638489,0.46508657932281494,-0.2606245279312134,0.34147143363952637,0.6111655235290527,-0.23350739479064941,-0.04920031130313873,-0.21224956214427948,0.17340773344039917,-0.20125694572925568,0.1406731903553009,0.31101441383361816,-0.30733799934387207,-0.0893016904592514,0.0
0.22507396340370178,-0.21319442987442017,0.18040426075458527,0.7039706110954285,-0.37593168020248413,0.4877658486366272,1.0750821828842163,-0.30421754717826843,0.15935064852237701,-0.23853006958961487,0.1611883044242859,-0.33915501832962036,0.1481347680091858,0.4356721341609955,-0.38105517625808716,-0.208584263920784,0.0
0.11054974049329758,-0.027193427085876465,0.11326352506875992,0.3044276535511017,-0.22306790947914124,0.142666757106781,0.4288550019264221,-0.12717518210411072,-0.014474645256996155,-0.09856075793504715,-0.015071123838424683,-0.08037702739238739,-0.03342016786336899,0.1774858683347702,-0.21736586093902588,0.04274209588766098,1.0
0.12351620942354202,-0.16355030238628387,0.07470142841339111,0.5120222568511963,-0.2722790241241455,0.406659334897995,0.6796121597290039,-0.2984837591648102,-0.05531993508338928,-0.23597413301467896,0.2368788719177246,-0.24667178094387054,0.16780316829681396,0.3867557942867279,-0.35628366470336914,-0.10232913494110107,0.0
0.11734228581190109,-0.08369983732700348,0.09945866465568542,0.3450075685977936,-0.21102121472358704,0.2244918793439865,0.4737657606601715,-0.15055352449417114,-0.02532666176557541,-0.12980610132217407,0.05794873088598251,-0.13613024353981018,0.04470471292734146,0.22403085231781006,-0.2385152131319046,-0.009089171886444092,1.0
0.12699362635612488,-0.48059311509132385,0.025868721306324005,1.0381951332092285,-0.5255388617515564,1.082616925239563,1.3458340167999268,-0.6841230392456055,-0.17834389209747314,-0.7276625633239746,0.8515464663505554,-0.5828194618225098,0.6057232618331909,0.8200482726097107,-0.7313224673271179,-0.43208539485931396,1.0
0.20376640558242798,-0.2394772619009018,0.18233297765254974,0.7384328246116638,-0.4150394797325134,0.5705294013023376,1.181541085243225,-0.38931894302368164,0.1864553838968277,-0.32029008865356445,0.2266235649585724,-0.37829136848449707,0.18917477130889893,0.4778429865837097,-0.4212474524974823,-0.27193939685821533,1.0
0.10948088020086288,-0.0920000672340393,0.08483835309743881,0.3618645668029785,-0.2205727994441986,0.23385362327098846,0.4972277581691742,-0.16724497079849243,-0.03274838626384735,-0.1313178986310959,0.08419425785541534,-0.14485666155815125,0.05692324787378311,0.24296903610229492,-0.25757455825805664,-0.003765597939491272,0.0
0.1628037393093109,-0.13008536398410797,0.12683266401290894,0.49792709946632385,-0.30166658759117126,0.32374370098114014,0.7239814400672913,-0.22804570198059082,0.04601395130157471,-0.1667194962501526,0.10876412689685822,-0.21360452473163605,0.07335717231035233,0.32017672061920166,-0.29933685064315796,-0.08107401430606842,0.0
0.13316354155540466,-0.1223299503326416,0.10199309885501862,0.4537193179130554,-0.26563340425491333,0.31157469749450684,0.6099491715431213,-0.20817115902900696,-0.02409099042415619,-0.19257356226444244,0.12722733616828918,-0.18612240254878998,0.08682567626237869,0.29068946838378906,-0.2864963412284851,-0.05208104848861694,0.0
0.22386005520820618,-0.22843080759048462,0.16257566213607788,0.7105517387390137,-0.374783992767334,0.5150883793830872,1.054633378982544,-0.30964937806129456,0.1368287354707718,-0.2601248621940613,0.21009865403175354,-0.36525338888168335,0.1880391538143158,0.4479789435863495,-0.37870264053344727,-0.22964026033878326,0.0
0.11486519128084183,-0.10863019526004791,0.09186489880084991,0.41106894612312317,-0.23865488171577454,0.2910654544830322,0.5593035221099854,-0.21398857235908508,-0.036592595279216766,-0.1734173446893692,0.12479817867279053,-0.15809465944766998,0.08699356764554977,0.27165937423706055,-0.29257017374038696,-0.048158109188079834,1.0
0.12864550948143005,-0.11339327692985535,0.10031440854072571,0.3959425687789917,-0.2282862663269043,0.28408724069595337,0.5285234451293945,-0.18363049626350403,-0.041589491069316864,-0.17288288474082947,0.12612636387348175,-0.17393355071544647,0.0924372598528862,0.2678431570529938,-0.27542078495025635,-0.02863013744354248,1.0
0.12702760100364685,-0.07861625403165817,0.10217897593975067,0.3655627965927124,-0.2656252682209015,0.22953377664089203,0.5681153535842896,-0.15011084079742432,0.061261534690856934,-0.0940922275185585,0.0014974996447563171,-0.1490117460489273,-0.04337368905544281,0.25109753012657166,-0.23971068859100342,-0.022821396589279175,1.0
0.2960716187953949,-0.41776102781295776,0.2383793443441391,1.0644586086273193,-0.5475016832351685,0.8495218753814697,1.7412192821502686,-0.5091044306755066,0.3648985028266907,-0.38055220246315,0.34829387068748474,-0.616901695728302,0.34016892313957214,0.7003152966499329,-0.5488280057907104,-0.4769939184188843,0.0
0.09950754791498184,-0.07390978932380676,0.09623613953590393,0.3138362467288971,-0.20974427461624146,0.18272185325622559,0.4340933561325073,-0.13135704398155212,-0.027234822511672974,-0.10242877900600433,0.03805927559733391,-0.12081034481525421,0.030603863298892975,0.20261260867118835,-0.22387099266052246,0.01007966697216034,1.0
0.11486519128084183,-0.10863019526004791,0.09186489880084991,0.41106894612312317,-0.23865488171577454,0.2910654544830322,0.5593035221099854,-0.21398857235908508,-0.036592595279216766,-0.1734173446893692,0.12479817867279053,-0.15809465944766998,0.08699356764554977,0.27165937423706055,-0.29257017374038696,-0.048158109188079834,0.0
0.18098732829093933,-0.20919476449489594,0.14135031402111053,0.625913143157959,-0.3575616478919983,0.4969288408756256,0.9613808989524841,-0.32767024636268616,0.10797829926013947,-0.26900532841682434,0.20244237780570984,-0.3096542954444885,0.16369128227233887,0.4287084937095642,-0.38264840841293335,-0.1670600324869156,1.0
0.12697157263755798,-0.10308907926082611,0.1030423641204834,0.38544580340385437,-0.22934848070144653,0.26307204365730286,0.5107669830322266,-0.17131906747817993,-0.04033540189266205,-0.17102405428886414,0.1131095290184021,-0.1661563664674759,0.09086675196886063,0.24965882301330566,-0.24943721294403076,-0.04039880633354187,1.0
0.11305887252092361,-0.09524068236351013,0.09000275284051895,0.3636651337146759,-0.232298344373703,0.24651068449020386,0.49436095356941223,-0.1696859896183014,-0.037319399416446686,-0.1473378986120224,0.10309796035289764,-0.14885815978050232,0.05606409162282944,0.24470889568328857,-0.25699755549430847,-0.030071064829826355,0.0
0.11107345670461655,-0.11522137373685837,0.0958956703543663,0.41129836440086365,-0.23623141646385193,0.2993307411670685,0.5505706071853638,-0.2177501618862152,-0.04750572144985199,-0.195415198802948,0.13625985383987427,-0.17895428836345673,0.11694718152284622,0.2795379161834717,-0.2899937629699707,-0.04356186091899872,0.0
0.11413212865591049,-0.11899085342884064,0.09327720105648041,0.4198959469795227,-0.24534419178962708,0.29984739422798157,0.5576146245002747,-0.18888118863105774,-0.04520668834447861,-0.18680250644683838,0.14308038353919983,-0.17809851467609406,0.10417302697896957,0.28102245926856995,-0.2809913158416748,-0.04766732454299927,0.0
0.2579828202724457,-0.3031310439109802,0.21114644408226013,0.856787919998169,-0.4490968883037567,0.6485300064086914,1.3545750379562378,-0.3983469605445862,0.2280249446630478,-0.32879874110221863,0.2756665050983429,-0.47502511739730835,0.2604658007621765,0.5465891361236572,-0.44224125146865845,-0.34125280380249023,1.0
0.11201966553926468,-0.11251842230558395,0.08911789208650589,0.3783484995365143,-0.23559746146202087,0.2638852298259735,0.5118866562843323,-0.17157739400863647,-0.04120982438325882,-0.15294170379638672,0.11570744961500168,-0.17497964203357697,0.07029830664396286,0.2690463364124298,-0.26327669620513916,-0.03176189959049225,1.0
0.11486519128084183,-0.10863019526004791,0.09186489880084991,0.41106894612312317,-0.23865488171577454,0.2910654544830322,0.5593035221099854,-0.21398857235908508,-0.036592595279216766,-0.1734173446893692,0.12479817867279053,-0.15809465944766998,0.08699356764554977,0.27165937423706055,-0.29257017374038696,-0.048158109188079834,0.0
0.11057844012975693,-0.1298263520002365,0.07152868807315826,0.4331500828266144,-0.2619587779045105,0.3336429297924042,0.5714889168739319,-0.22459807991981506,-0.05888942629098892,-0.2112157940864563,0.17697620391845703,-0.19112776219844818,0.11845604330301285,0.30567774176597595,-0.30586862564086914,-0.057261884212493896,1.0
0.17637914419174194,-0.1235833615064621,0.14488999545574188,0.5251737236976624,-0.310479998588562,0.34565269947052,0.7866054773330688,-0.2434965968132019,0.08397960662841797,-0.18193373084068298,0.08227667212486267,-0.21025551855564117,0.062492020428180695,0.3214409053325653,-0.314715713262558,-0.09067784249782562,0.0
0.11834078282117844,-0.09655842185020447,0.08791203796863556,0.3746128976345062,-0.22764500975608826,0.2600289285182953,0.5097281336784363,-0.17068251967430115,-0.03354175388813019,-0.14613822102546692,0.10459595918655396,-0.17456407845020294,0.06921260803937912,0.26998171210289,-0.26199108362197876,-0.022608593106269836,1.0
0.13858509063720703,-0.08869431912899017,0.10622377693653107,0.3589142858982086,-0.21391278505325317,0.21969343721866608,0.4863117039203644,-0.15450909733772278,-0.018952660262584686,-0.1225421130657196,0.05887586623430252,-0.13210336863994598,0.05101821571588516,0.23336640000343323,-0.23559242486953735,0.0026110410690307617,1.0
0.1101464256644249,-0.09156584739685059,0.09740681946277618,0.3551672399044037,-0.2215825915336609,0.2186809480190277,0.48071762919425964,-0.15064111351966858,-0.03800781071186066,-0.13169878721237183,0.07792512327432632,-0.14005105197429657,0.05074522644281387,0.2267581820487976,-0.24753499031066895,-0.011020466685295105,1.0
0.13858509063720703,-0.08869431912899017,0.10622377693653107,0.3589142858982086,-0.21391278505325317,0.21969343721866608,0.4863117039203644,-0.15450909733772278,-0.018952660262584686,-0.1225421130657196,0.05887586623430252,-0.13210336863994598,0.05101821571588516,0.23336640000343323,-0.23559242486953735,0.0026110410690307617,1.0
0.11486519128084183,-0.10863019526004791,0.09186489880084991,0.41106894612312317,-0.23865488171577454,0.2910654544830322,0.5593035221099854,-0.21398857235908508,-0.036592595279216766,-0.1734173446893692,0.12479817867279053,-0.15809465944766998,0.08699356764554977,0.27165937423706055,-0.29257017374038696,-0.048158109188079834,1.0
0.11198776215314865,-0.11159299314022064,0.08770874887704849,0.37296149134635925,-0.23499107360839844,0.25724372267723083,0.49811044335365295,-0.1675637811422348,-0.0396462082862854,-0.1562764197587967,0.11075392365455627,-0.16315452754497528,0.07220285385847092,0.25093504786491394,-0.2525825500488281,-0.017604246735572815,1.0
0.12471339851617813,-0.1775863766670227,0.06459758430719376,0.5202796459197998,-0.29325348138809204,0.4053747057914734,0.6847465634346008,-0.28587839007377625,-0.0628030076622963,-0.24178273975849152,0.23506924510002136,-0.2435438185930252,0.15425357222557068,0.3660733997821808,-0.3516867756843567,-0.10060738027095795,1.0
0.12697163224220276,-0.10308896005153656,0.10304238647222519,0.38544583320617676,-0.22934845089912415,0.2630719542503357,0.5107669234275818,-0.17131923139095306,-0.04033535718917847,-0.17102397978305817,0.11310943961143494,-0.16615630686283112,0.09086697548627853,0.24965882301330566,-0.24943727254867554,-0.040398985147476196,0.0
0.10786470025777817,-0.19399772584438324,0.03233296051621437,0.5601742267608643,-0.29886695742607117,0.5086966156959534,0.7470198273658752,-0.34612661600112915,-0.06440925598144531,-0.3062252402305603,0.3123141825199127,-0.28299474716186523,0.2087315022945404,0.4371393024921417,-0.419490247964859,-0.1225930005311966,1.0
0.12837547063827515,-0.20935405790805817,0.05009658634662628,0.5509938597679138,-0.3289737403392792,0.48016929626464844,0.7125527262687683,-0.2956562340259552,-0.07980750501155853,-0.3016051650047302,0.320564866065979,-0.25372380018234253,0.20632565021514893,0.39988523721694946,-0.3760593831539154,-0.1007567048072815,1.0
0.12828725576400757,-0.09472532570362091,0.09890670329332352,0.37639087438583374,-0.23124128580093384,0.22569699585437775,0.4935641586780548,-0.16555505990982056,-0.034975335001945496,-0.14441394805908203,0.07963688671588898,-0.13504727184772491,0.057420335710048676,0.22066375613212585,-0.23793987929821014,-0.021043479442596436,1.0
0.25684043765068054,-0.3379364013671875,0.19291140139102936,0.8911713361740112,-0.4511236846446991,0.6838864684104919,1.3921499252319336,-0.4080178439617157,0.2277136892080307,-0.31169381737709045,0.30260157585144043,-0.507787823677063,0.28562507033348083,0.5849603414535522,-0.4734758138656616,-0.3485298156738281,0.0
0.12837547063827515,-0.20935405790805817,0.05009658634662628,0.5509938597679138,-0.3289737403392792,0.48016929626464844,0.7125527262687683,-0.2956562340259552,-0.07980750501155853,-0.3016051650047302,0.320564866065979,-0.25372380018234253,0.20632565021514893,0.39988523721694946,-0.3760593831539154,-0.1007567048072815,1.0
0.11207758635282516,-0.09940726310014725,0.0956369936466217,0.3714033365249634,-0.22766736149787903,0.256453275680542,0.5089467763900757,-0.17141957581043243,-0.03182798624038696,-0.1551319807767868,0.10556135326623917,-0.15873266756534576,0.06965447217226028,0.252381294965744,-0.25750574469566345,-0.034607917070388794,0.0
0.1214795634150505,-0.09563330560922623,0.09009714424610138,0.3726857602596283,-0.22797128558158875,0.2563452422618866,0.49484381079673767,-0.17544183135032654,-0.037959568202495575,-0.1563272476196289,0.09916006028652191,-0.15437500178813934,0.057743482291698456,0.2426500916481018,-0.25763440132141113,-0.016562148928642273,0.0
0.11135124415159225,-0.13618768751621246,0.08057031780481339,0.4566957354545593,-0.26019108295440674,0.3339044153690338,0.5972882509231567,-0.23695909976959229,-0.046213068068027496,-0.19622255861759186,0.1708507537841797,-0.19523023068904877,0.12033022195100784,0.3111684024333954,-0.3135146200656891,-0.08244138956069946,0.0
0.2465427815914154,-0.30710121989250183,0.17055116593837738,0.8692527413368225,-0.4422258138656616,0.6533678770065308,1.3034260272979736,-0.40223750472068787,0.17625854909420013,-0.32005560398101807,0.2971058487892151,-0.4760845899581909,0.2550668716430664,0.5712615251541138,-0.46563103795051575,-0.31331658363342285,0.0
0.28734102845191956,-0.2753688097000122,0.22152940928936005,0.8615429997444153,-0.4402814209461212,0.5937336683273315,1.3519270420074463,-0.3636680245399475,0.2737058997154236,-0.25143277645111084,0.18039238452911377,-0.43848854303359985,0.19427230954170227,0.5164467096328735,-0.4160591661930084,-0.2936245799064636,1.0
0.12697157263755798,-0.10308907926082611,0.1030423641204834,0.38544580340385437,-0.22934848070144653,0.26307204365730286,0.5107669830322266,-0.17131906747817993,-0.04033540189266205,-0.17102405428886414,0.1131095290184021,-0.1661563664674759,0.09086675196886063,0.24965882301330566,-0.24943721294403076,-0.04039880633354187,1.0
0.1136757954955101,-0.09557068347930908,0.09608278423547745,0.3805469572544098,-0.22681429982185364,0.2543531358242035,0.5190804600715637,-0.17556828260421753,-0.03594738990068436,-0.14765486121177673,0.0947972983121872,-0.16949309408664703,0.07248612493276596,0.2573503851890564,-0.26126688718795776,-0.031198173761367798,0.0
0.11972176283597946,-0.06699193269014359,0.08167235553264618,0.3541322946548462,-0.23856985569000244,0.23412497341632843,0.43181103467941284,-0.18257495760917664,-0.08761365711688995,-0.1581227332353592,0.11361280083656311,-0.12256212532520294,0.02777036279439926,0.24826735258102417,-0.2637791633605957,0.020166099071502686,0.0
0.11425157636404037,-0.14251838624477386,0.08876597881317139,0.43181321024894714,-0.24661627411842346,0.32202085852622986,0.5743715763092041,-0.21728891134262085,-0.05588319152593613,-0.20337943732738495,0.16581672430038452,-0.207580104470253,0.12653246521949768,0.3027074933052063,-0.29300445318222046,-0.061086952686309814,0.0
0.4158823788166046,-0.5993048548698425,0.32429763674736023,1.5116329193115234,-0.7397462725639343,1.2102925777435303,2.5067906379699707,-0.7301520705223083,0.5873923897743225,-0.5323358774185181,0.51726895570755,-0.88349449634552,0.5062677264213562,0.965497612953186,-0.7412450909614563,-0.7593981027603149,1.0
0.21557608246803284,-0.2761523127555847,0.1674116998910904,0.7652606964111328,-0.4087585210800171,0.5766143798828125,1.1606590747833252,-0.3506786525249481,0.1479315310716629,-0.2817918658256531,0.2528434693813324,-0.40593427419662476,0.23470401763916016,0.4895728826522827,-0.41514942049980164,-0.263288676738739,1.0
0.12697157263755798,-0.10308907926082611,0.1030423641204834,0.38544580340385437,-0.22934848070144653,0.26307204365730286,0.5107669830322266,-0.17131906747817993,-0.04033540189266205,-0.17102405428886414,0.1131095290184021,-0.1661563664674759,0.09086675196886063,0.24965882301330566,-0.24943721294403076,-0.04039880633354187,1.0
0.21250489354133606,-0.22701714932918549,0.18158181011676788,0.7124455571174622,-0.39363276958465576,0.5086060762405396,1.0721534490585327,-0.3409042954444885,0.1211676150560379,-0.2810712158679962,0.20498499274253845,-0.3392045497894287,0.17656266689300537,0.43241560459136963,-0.3873792290687561,-0.23117439448833466,1.0
0.11736170202493668,-0.17864787578582764,0.05803527310490608,0.5321781039237976,-0.3000681698322296,0.45970794558525085,0.7135023474693298,-0.3299759328365326,-0.06696626543998718,-0.2792659103870392,0.2890964150428772,-0.2611405849456787,0.1943637728691101,0.41164469718933105,-0.38416045904159546,-0.1250835508108139,0.0
0.11135124415159225,-0.13618768751621246,0.08057031780481339,0.4566957354545593,-0.26019108295440674,0.3339044153690338,0.5972882509231567,-0.23695909976959229,-0.046213068068027496,-0.19622255861759186,0.1708507537841797,-0.19523023068904877,0.12033022195100784,0.3111684024333954,-0.3135146200656891,-0.08244138956069946,0.0
0.11207758635282516,-0.09940726310014725,0.0956369936466217,0.3714033365249634,-0.22766736149787903,0.256453275680542,0.5089467763900757,-0.17141957581043243,-0.03182798624038696,-0.1551319807767868,0.10556135326623917,-0.15873266756534576,0.06965447217226028,0.252381294965744,-0.25750574469566345,-0.034607917070388794,0.0
0.14935773611068726,-0.22226034104824066,0.11037413775920868,0.670004665851593,-0.31871530413627625,0.5498135089874268,0.8958792686462402,-0.39526623487472534,-0.04440656304359436,-0.3590684235095978,0.3239709138870239,-0.3407796621322632,0.23784688115119934,0.48135244846343994,-0.44466325640678406,-0.18766741454601288,0.0
0.11314880102872849,-0.10852532088756561,0.0673222541809082,0.3905688226222992,-0.23493340611457825,0.29173824191093445,0.531450629234314,-0.20108985900878906,-0.04423638433218002,-0.16832798719406128,0.13186082243919373,-0.17850391566753387,0.07324544340372086,0.28733742237091064,-0.2811732292175293,-0.03669703006744385,1.0
0.18774566054344177,-0.19739963114261627,0.15815216302871704,0.6395429968833923,-0.3629882037639618,0.4697685241699219,0.9858437180519104,-0.3052714765071869,0.13975076377391815,-0.2384791374206543,0.15889859199523926,-0.31078040599823,0.13561749458312988,0.4152737855911255,-0.3712800145149231,-0.17945389449596405,1.0
0.11805614084005356,-0.09719692170619965,0.10486970841884613,0.3581320643424988,-0.22175273299217224,0.23021702468395233,0.47891291975975037,-0.1634809374809265,-0.045463383197784424,-0.14108985662460327,0.08485038578510284,-0.14606334269046783,0.05248007923364639,0.23758822679519653,-0.24349278211593628,-0.024420171976089478,1.0
0.11290200799703598,-0.11935395002365112,0.08861194550991058,0.42287957668304443,-0.23523938655853271,0.3086634874343872,0.5755631923675537,-0.22931712865829468,-0.043767452239990234,-0.18542523682117462,0.1446501612663269,-0.18063895404338837,0.10824837535619736,0.2896658480167389,-0.3104863166809082,-0.04229271411895752,0.0
0.11516199260950089,-0.10865595191717148,0.07787206768989563,0.4036143124103546,-0.2597847580909729,0.2892208397388458,0.48539867997169495,-0.2002677321434021,-0.09032177925109863,-0.20795652270317078,0.16215050220489502,-0.14181166887283325,0.09079533070325851,0.2579602897167206,-0.271797239780426,-0.019197657704353333,0.0
0.11347905546426773,-0.11253246665000916,0.09792111068964005,0.39573103189468384,-0.2313491404056549,0.27574342489242554,0.5268192887306213,-0.17103147506713867,-0.04074617475271225,-0.17149850726127625,0.11056108772754669,-0.17438258230686188,0.0807000920176506,0.2653990685939789,-0.2692103385925293,-0.03641875088214874,0.0
0.09382353723049164,-0.08078812807798386,0.06450869888067245,0.3272445499897003,-0.24436411261558533,0.22515098750591278,0.4166715741157532,-0.1627781093120575,-0.07748522609472275,-0.13444970548152924,0.09763739258050919,-0.11240647733211517,0.01631658524274826,0.252709299325943,-0.2565220594406128,0.014066189527511597,1.0
0.5644567608833313,-0.8425260186195374,0.3973899483680725,1.980381965637207,-0.9173834919929504,1.5757949352264404,3.2801907062530518,-0.8864039182662964,0.8198358416557312,-0.604310929775238,0.7253681421279907,-1.2759759426116943,0.7228626012802124,1.302237629890442,-0.8967603445053101,-1.0762830972671509,0.0
0.12416858226060867,-0.1000848114490509,0.11234936863183975,0.38074731826782227,-0.22263187170028687,0.25647056102752686,0.5112895965576172,-0.17270228266716003,-0.029570437967777252,-0.1549709588289261,0.08688539266586304,-0.1537274420261383,0.07240211218595505,0.24770662188529968,-0.2620393633842468,-0.023142144083976746,1.0
0.22683361172676086,-0.26295217871665955,0.18706530332565308,0.7543820738792419,-0.40330544114112854,0.5613291263580322,1.1908538341522217,-0.35544946789741516,0.17554150521755219,-0.26834070682525635,0.22469019889831543,-0.40603792667388916,0.20864740014076233,0.49063822627067566,-0.4137909412384033,-0.2603875994682312,1.0
0.1453096568584442,-0.15498489141464233,0.11716526001691818,0.5063339471817017,-0.29134291410446167,0.3656935393810272,0.724835991859436,-0.24602589011192322,0.005347877740859985,-0.20846544206142426,0.16746759414672852,-0.22892896831035614,0.12120998650789261,0.3371337354183197,-0.3255452513694763,-0.1059180498123169,0.0
0.12847813963890076,-0.0973743200302124,0.10205689817667007,0.3750704228878021,-0.22483253479003906,0.2405141443014145,0.4903174936771393,-0.16171547770500183,-0.0348312109708786,-0.14246393740177155,0.07838551700115204,-0.14138196408748627,0.06613942235708237,0.23525342345237732,-0.24676194787025452,-0.004498690366744995,1.0
0.11415446549654007,-0.1207033097743988,0.0828671008348465,0.3905986547470093,-0.23817014694213867,0.28891098499298096,0.5328494906425476,-0.20387551188468933,-0.04150170087814331,-0.16855090856552124,0.13774625957012177,-0.17763318121433258,0.09142417460680008,0.29142361879348755,-0.27924150228500366,-0.030960753560066223,0.0
0.10435213893651962,-0.1074138730764389,0.08572573959827423,0.381307989358902,-0.23869818449020386,0.28290626406669617,0.5245173573493958,-0.18719789385795593,-0.03394398093223572,-0.16808997094631195,0.11660560220479965,-0.15327800810337067,0.08010552078485489,0.2616632878780365,-0.28355884552001953,-0.028346747159957886,0.0
0.09542401880025864,-0.06706616282463074,0.0895586609840393,0.29557403922080994,-0.21018674969673157,0.1834717094898224,0.41151052713394165,-0.11790885031223297,-0.024610497057437897,-0.0954274907708168,0.03519811853766441,-0.12922483682632446,0.007085524499416351,0.19730395078659058,-0.20962940156459808,-0.0003742426633834839,1.0
0.12529397010803223,-0.1113734021782875,0.0848536565899849,0.4056498110294342,-0.23520740866661072,0.2971040904521942,0.5413529872894287,-0.2016550600528717,-0.044878095388412476,-0.17863911390304565,0.13429304957389832,-0.17739592492580414,0.08473742753267288,0.28371742367744446,-0.28504735231399536,-0.043043628334999084,1.0
0.12128464132547379,-0.10713598132133484,0.09178952127695084,0.39392760396003723,-0.23896992206573486,0.26440680027008057,0.520706057548523,-0.19187036156654358,-0.044834427535533905,-0.1596812605857849,0.12113096565008163,-0.16512294113636017,0.08884520083665848,0.26221877336502075,-0.2596569061279297,-0.03554798662662506,0.0
0.12464111298322678,-0.11047845333814621,0.09243971854448318,0.3933829963207245,-0.2359527349472046,0.2743391692638397,0.5290724635124207,-0.18071231245994568,-0.0394405722618103,-0.15929864346981049,0.11806046217679977,-0.17985288798809052,0.0784197673201561,0.2762758135795593,-0.2617983818054199,-0.035501524806022644,0.0
0.2605697512626648,-0.29758504033088684,0.20728445053100586,0.8684929609298706,-0.4645031690597534,0.652034342288971,1.3944889307022095,-0.40239524841308594,0.25953763723373413,-0.31358960270881653,0.2585027515888214,-0.4739609956741333,0.22071745991706848,0.5613684058189392,-0.46067577600479126,-0.3429037928581238,1.0
0.11376062780618668,-0.11364983022212982,0.08613251149654388,0.4022122025489807,-0.23313862085342407,0.2731243968009949,0.5369839072227478,-0.17502060532569885,-0.032513462007045746,-0.15399932861328125,0.10099834203720093,-0.175649955868721,0.07012801617383957,0.2611614763736725,-0.26793646812438965,-0.04422733187675476,1.0
0.11083858460187912,-0.1258479505777359,0.07243863493204117,0.4203965365886688,-0.24892693758010864,0.32828232645988464,0.5582097768783569,-0.2135411500930786,-0.046585261821746826,-0.1958807110786438,0.16720342636108398,-0.2049454301595688,0.1048310324549675,0.30172258615493774,-0.2936202883720398,-0.06049889326095581,1.0
0.1215464249253273,-0.12628838419914246,0.09524068981409073,0.4191049635410309,-0.2450977861881256,0.29577916860580444,0.5588674545288086,-0.20897817611694336,-0.051526255905628204,-0.1841820478439331,0.14041581749916077,-0.18182750046253204,0.0984048917889595,0.2892707586288452,-0.2881067991256714,-0.05378501117229462,0.0
0.11275472491979599,-0.10415160655975342,0.10680285096168518,0.3513537347316742,-0.22424328327178955,0.23889273405075073,0.4812373220920563,-0.15133629739284515,-0.046080008149147034,-0.14993250370025635,0.09317387640476227,-0.1508573591709137,0.06945840269327164,0.23953932523727417,-0.24469400942325592,-0.01504698395729065,1.0
0.27395278215408325,-0.30650654435157776,0.2251453846693039,0.8987652063369751,-0.475548654794693,0.6577147841453552,1.4527534246444702,-0.4040134847164154,0.2891753911972046,-0.3032621443271637,0.23816999793052673,-0.496040403842926,0.22643476724624634,0.568230152130127,-0.4630935490131378,-0.35322993993759155,1.0
0.12699362635612488,-0.48059311509132385,0.025868721306324005,1.0381951332092285,-0.5255388617515564,1.082616925239563,1.3458340167999268,-0.6841230392456055,-0.17834389209747314,-0.7276625633239746,0.8515464663505554,-0.5828194618225098,0.6057232618331909,0.8200482726097107,-0.7313224673271179,-0.43208539485931396,1.0
0.11581488698720932,-0.09251502901315689,0.09500842541456223,0.37877023220062256,-0.22133776545524597,0.26207438111305237,0.5130265951156616,-0.19110918045043945,-0.04099609702825546,-0.16136802732944489,0.09842093288898468,-0.17027463018894196,0.06894027441740036,0.25451698899269104,-0.26980337500572205,-0.02563975751399994,1.0
0.1323486864566803,-0.1512184739112854,0.0980246290564537,0.4599989354610443,-0.2575607895851135,0.33886781334877014,0.6121079325675964,-0.22068294882774353,-0.044723935425281525,-0.2003895789384842,0.17234835028648376,-0.2032483071088791,0.14476001262664795,0.3144300580024719,-0.2951633036136627,-0.06380191445350647,0.0
0.10604662448167801,-0.10497109591960907,0.08833428472280502,0.3657477796077728,-0.2273423671722412,0.2613992393016815,0.49635186791419983,-0.17368099093437195,-0.030995666980743408,-0.14775657653808594,0.09673875570297241,-0.15583761036396027,0.071723572909832,0.25782904028892517,-0.26160478591918945,-0.021007701754570007,1.0
0.10245441645383835,-0.07512281835079193,0.0892501249909401,0.32468828558921814,-0.20442122220993042,0.18655063211917877,0.43713369965553284,-0.13841348886489868,-0.029934287071228027,-0.10053002834320068,0.05111778900027275,-0.12309089303016663,0.022826500236988068,0.21228206157684326,-0.22875440120697021,-0.0050748735666275024,1.0
0.11932075768709183,-0.14049728214740753,0.09205630421638489,0.46508657932281494,-0.2606245279312134,0.34147143363952637,0.6111655235290527,-0.23350739479064941,-0.04920031130313873,-0.21224956214427948,0.17340773344039917,-0.20125694572925568,0.1406731903553009,0.31101441383361816,-0.30733799934387207,-0.0893016904592514,0.0
0.1919322907924652,-0.17277461290359497,0.18156160414218903,0.5919272899627686,-0.3562242090702057,0.4186050295829773,0.9403519630432129,-0.27425238490104675,0.12476317584514618,-0.24259713292121887,0.1282925009727478,-0.2795512080192566,0.10118008404970169,0.3739360570907593,-0.34443199634552,-0.15134434401988983,1.0
0.12985759973526,-0.1163078248500824,0.0831378847360611,0.4313957393169403,-0.252041757106781,0.3014402687549591,0.5501934885978699,-0.21391946077346802,-0.053062885999679565,-0.19079339504241943,0.15223559737205505,-0.17956115305423737,0.11425810307264328,0.2802717983722687,-0.2749865651130676,-0.04453973472118378,1.0
0.11546213179826736,-0.11784642934799194,0.09252375364303589,0.40351206064224243,-0.24209007620811462,0.2882196307182312,0.5458077788352966,-0.19524306058883667,-0.04647617042064667,-0.17841632664203644,0.13617736101150513,-0.16748349368572235,0.08957939594984055,0.2727818787097931,-0.28379732370376587,-0.0469144731760025,0.0
0.18645593523979187,-0.19209839403629303,0.16557972133159637,0.6252878308296204,-0.36350497603416443,0.45474496483802795,0.9749547839164734,-0.30828505754470825,0.11332841217517853,-0.25556981563568115,0.17630967497825623,-0.31564944982528687,0.13307705521583557,0.41345760226249695,-0.3669150471687317,-0.17318345606327057,0.0
0.11057844012975693,-0.1298263520002365,0.07152868807315826,0.4331500828266144,-0.2619587779045105,0.3336429297924042,0.5714889168739319,-0.22459807991981506,-0.05888942629098892,-0.2112157940864563,0.17697620391845703,-0.19112776219844818,0.11845604330301285,0.30567774176597595,-0.30586862564086914,-0.057261884212493896,1.0
0.11661765724420547,-0.2295873463153839,0.037362292408943176,0.610057532787323,-0.31710854172706604,0.5593404173851013,0.8090687990188599,-0.3693387508392334,-0.07215970754623413,-0.33817797899246216,0.35200414061546326,-0.30301469564437866,0.2378515601158142,0.4630831480026245,-0.44881486892700195,-0.1434035450220108,1.0
0.11413212865591049,-0.11899085342884064,0.09327720105648041,0.4198959469795227,-0.24534419178962708,0.29984739422798157,0.5576146245002747,-0.18888118863105774,-0.04520668834447861,-0.18680250644683838,0.14308038353919983,-0.17809851467609406,0.10417302697896957,0.28102245926856995,-0.2809913158416748,-0.04766732454299927,0.0
0.10907765477895737,-0.10476021468639374,0.08343392610549927,0.3779904544353485,-0.24090516567230225,0.25843027234077454,0.5021313428878784,-0.16831910610198975,-0.036227695643901825,-0.1469695270061493,0.10058990865945816,-0.14357341825962067,0.06455590575933456,0.24611586332321167,-0.26133716106414795,-0.023567482829093933,0.0
0.11110009998083115,-0.14120720326900482,0.06709875911474228,0.4488002359867096,-0.2518688440322876,0.34797242283821106,0.6036787629127502,-0.24233344197273254,-0.05477018654346466,-0.20885111391544342,0.1842486560344696,-0.21418268978595734,0.1204557940363884,0.32313621044158936,-0.3226746916770935,-0.059891581535339355,1.0
0.07229049503803253,-0.010036531835794449,0.05524192377924919,0.20424383878707886,-0.16664446890354156,0.10037436336278915,0.1951836347579956,-0.08820118010044098,-0.15211611986160278,-0.09456498175859451,0.02420259825885296,-0.03490697592496872,-0.03049999475479126,0.14085161685943604,-0.1924385279417038,0.11167940497398376,1.0
0.08578485250473022,-0.0667102038860321,0.06823760271072388,0.25514698028564453,-0.20164889097213745,0.16217008233070374,0.3724093735218048,-0.09729286283254623,-0.01214350014925003,-0.06321276724338531,0.007509343326091766,-0.11201749742031097,-0.032754361629486084,0.1989021897315979,-0.19555048644542694,0.022780217230319977,1.0
0.10844660550355911,-0.2081555277109146,0.05691211298108101,0.5598070025444031,-0.31115734577178955,0.495864599943161,0.7312091588973999,-0.3260560631752014,-0.09262526035308838,-0.3213408291339874,0.3312423825263977,-0.2891850471496582,0.22594571113586426,0.4236890971660614,-0.4038209915161133,-0.13102154433727264,0.0
0.15835770964622498,-0.16139939427375793,0.12030933052301407,0.5259822607040405,-0.3119235932826996,0.37446674704551697,0.75858074426651,-0.24214693903923035,0.04747076332569122,-0.20021815598011017,0.15046381950378418,-0.23516063392162323,0.12039858847856522,0.33703312277793884,-0.31382888555526733,-0.10565674304962158,0.0
0.12569695711135864,-0.1187254935503006,0.08657463639974594,0.3905913233757019,-0.24196761846542358,0.2732064425945282,0.5161502957344055,-0.18116703629493713,-0.0436035692691803,-0.15896932780742645,0.11864785850048065,-0.16259805858135223,0.06872554868459702,0.26923176646232605,-0.2623234987258911,-0.0204412043094635,0.0
0.11486519128084183,-0.10863019526004791,0.09186489880084991,0.41106894612312317,-0.23865488171577454,0.2910654544830322,0.5593035221099854,-0.21398857235908508,-0.036592595279216766,-0.1734173446893692,0.12479817867279053,-0.15809465944766998,0.08699356764554977,0.27165937423706055,-0.29257017374038696,-0.048158109188079834,1.0
0.12394840270280838,-0.08679762482643127,0.09895294904708862,0.35313087701797485,-0.21620884537696838,0.21993356943130493,0.46870747208595276,-0.15053167939186096,-0.027215562760829926,-0.12386596202850342,0.07141900062561035,-0.1351563185453415,0.0414329394698143,0.22269991040229797,-0.23823091387748718,-0.018200621008872986,0.0
0.10612311214208603,-0.09982241690158844,0.08479538559913635,0.362365186214447,-0.23065349459648132,0.25652751326560974,0.49461832642555237,-0.17128896713256836,-0.04009062796831131,-0.14720848202705383,0.10306931287050247,-0.1621064394712448,0.05996043235063553,0.25958773493766785,-0.26028698682785034,-0.030328959226608276,0.0
0.12245825678110123,-0.0824798122048378,0.10505927354097366,0.34563297033309937,-0.21284492313861847,0.2016029804944992,0.46767905354499817,-0.14744704961776733,-0.03491804003715515,-0.11861108988523483,0.06363686919212341,-0.13995693624019623,0.047663815319538116,0.2218378782272339,-0.22752240300178528,-0.015142545104026794,0.0
0.12471339851617813,-0.1775863766670227,0.06459758430719376,0.5202796459197998,-0.29325348138809204,0.4053747057914734,0.6847465634346008,-0.28587839007377625,-0.0628030076622963,-0.24178273975849152,0.23506924510002136,-0.2435438185930252,0.15425357222557068,0.3660733997821808,-0.3516867756843567,-0.10060738027095795,1.0
0.1101464256644249,-0.09156584739685059,0.09740681946277618,0.3551672399044037,-0.2215825915336609,0.2186809480190277,0.48071762919425964,-0.15064111351966858,-0.03800781071186066,-0.13169878721237183,0.07792512327432632,-0.14005105197429657,0.05074522644281387,0.2267581820487976,-0.24753499031066895,-0.011020466685295105,0.0
0.19108936190605164,-0.1470051407814026,0.16127268970012665,0.5635406970977783,-0.3174440264701843,0.3719751834869385,0.8728206157684326,-0.25162428617477417,0.12997348606586456,-0.18669673800468445,0.08491085469722748,-0.2514269948005676,0.08109237998723984,0.3392551839351654,-0.3240746259689331,-0.13992689549922943,1.0
0.1244124099612236,-0.11116977781057358,0.09117013216018677,0.4090695381164551,-0.24472478032112122,0.28639402985572815,0.5364500880241394,-0.19948574900627136,-0.05313045531511307,-0.18353477120399475,0.14158260822296143,-0.17454881966114044,0.10006079822778702,0.26842308044433594,-0.27057573199272156,-0.04131753742694855,1.0
0.12384641915559769,-0.08161409199237823,0.11242958158254623,0.34101784229278564,-0.2107076644897461,0.2157185971736908,0.46408799290657043,-0.13736730813980103,-0.034734807908535004,-0.13007310032844543,0.055742133408784866,-0.1389985978603363,0.048006244003772736,0.22238266468048096,-0.23595166206359863,0.0013352632522583008,0.0
0.10447081178426743,-0.12129905819892883,0.0918966680765152,0.39243006706237793,-0.2428632378578186,0.29030704498291016,0.528046190738678,-0.18983948230743408,-0.03985518217086792,-0.17409275472164154,0.1305599808692932,-0.1718587428331375,0.10586988180875778,0.27246028184890747,-0.27424195408821106,-0.03560550510883331,1.0
0.11290200799703598,-0.11935395002365112,0.08861194550991058,0.42287957668304443,-0.23523938655853271,0.3086634874343872,0.5755631923675537,-0.22931712865829468,-0.043767452239990234,-0.18542523682117462,0.1446501612663269,-0.18063895404338837,0.10824837535619736,0.2896658480167389,-0.3104863166809082,-0.04229271411895752,0.0
0.11734228581190109,-0.08369983732700348,0.09945866465568542,0.3450075685977936,-0.21102121472358704,0.2244918793439865,0.4737657606601715,-0.15055352449417114,-0.02532666176557541,-0.12980610132217407,0.05794873088598251,-0.13613024353981018,0.04470471292734146,0.22403085231781006,-0.2385152131319046,-0.009089171886444092,1.0
0.11413212865591049,-0.11899085342884064,0.09327720105648041,0.4198959469795227,-0.24534419178962708,0.29984739422798157,0.5576146245002747,-0.18888118863105774,-0.04520668834447861,-0.18680250644683838,0.14308038353919983,-0.17809851467609406,0.10417302697896957,0.28102245926856995,-0.2809913158416748,-0.04766732454299927,0.0
0.12471339851617813,-0.1775863766670227,0.06459758430719376,0.5202796459197998,-0.29325348138809204,0.4053747057914734,0.6847465634346008,-0.28587839007377625,-0.0628030076622963,-0.24178273975849152,0.23506924510002136,-0.2435438185930252,0.15425357222557068,0.3660733997821808,-0.3516867756843567,-0.10060738027095795,1.0
0.08578485250473022,-0.0667102038860321,0.06823760271072388,0.25514698028564453,-0.20164889097213745,0.16217008233070374,0.3724093735218048,-0.09729286283254623,-0.01214350014925003,-0.06321276724338531,0.007509343326091766,-0.11201749742031097,-0.032754361629486084,0.1989021897315979,-0.19555048644542694,0.022780217230319977,0.0
0.11451474577188492,-0.10880379378795624,0.09536612778902054,0.3790349066257477,-0.22510308027267456,0.2651214897632599,0.5092391967773438,-0.1801404058933258,-0.036670342087745667,-0.16025471687316895,0.09824749827384949,-0.1694825440645218,0.07993552833795547,0.25902289152145386,-0.26440519094467163,-0.01976640522480011,0.0
